357776,Irwin Industrial Tool Reciprocating Saw,Reciprocating Saws,98.13,50
869562,Plews & Edelmann Lever-action Grease Gun 6" 6000psi 14oz Cartridge,Grease Gun,78.58,65
677206,Black & Decker 16" 3.4 Amp Powered Handsaw With Storage Bag,Powered Handsaws,79.3,91
838995,Dewalt Speed Tip 14 Piece Titanium Drill Bit Set	Drill Bit Set,32.27,22,
474686,Black & Decker 1375w Heat Gun,Heat Guns,23.96,54
98899,Bosch 7292-02 2 Amp 1/4 Sheet Palm Sander,Palm Sanders,55.7,77
475739,Warp Brothers Flex-o-glaze Cleaner And Polisher - 12 Oz.,Cleaner And Polishers,8.12,58
657468,Dremel 7300-n/8 4.8-volt Cordless Dremel Minimite Two Speed Rotary Tool,Dremel Tools,40.85,13
938730,Fs-curtis 5-hp 60-gallon Vertical Two-stage Air Compressor,Air Compressors,146.41,91
989732,Homak 2 Door Mobile Cabinet With Shelves,Mobile Cabinets,416.82,62
159707,Black & Decker Matrix Trim Saw Head Attachment,Trim Saws,94.02,95
687635,Stanley Sharpshooter Stapler,Staplers,40.13,73
625121,Acme Automotive Typhoon Pro Blow Gun,Blow Guns,6.95,70
618983,Dremel Mm501 1/16" Grout Removal Blade,Dremel Tools,47.65,55
576788,Gmc Syclone 1650a Ultra Quiet And Oil-free Air Compressor,Air Compressors,298.35,23
